PLANIFICACIÓN;Horas_Patron;FAMILIA;TAMAÑO
TRABAJOS PREVIOS MECANICOS;10;AIO;20' - 40'
CORTE Y ENSAMBLAJE DE CARRILES Y BANDEJAS;15;AIO;20' - 40'
NIVELACIÓN;5;AIO;20' - 40'
INSTALACIÓN CARRILES DE SOPORTACIÓN;48;AIO;20' - 40'
INSTALACIÓN DE BANDEJAS;67;AIO;20' - 40'
MECANIZADO DE ELEMENTOS DE INSTALACIÓN MECÁNICA;18;AIO;20' - 40'
EQUIPOS;;AIO;20' - 40'
INTRODUCCIÓN/FIJACIÓN de EQUIPOS;100;AIO;20' - 40'
ENSAMBLAJE DE CUADROS CUADRISTA;20;AIO;20' - 40'
ENSAMBLAJE DE EQUIPOS (CUADRO PRINCIPAL Y UPS);19;AIO;20' - 40'
CADENAS PORTACABLES;9;AIO;20' - 40'
INSTALACIÓN DE SUELO;20;AIO;20' - 40'
PANELADO;16;AIO;20' - 40'
MODIFICACIONES EN PANEL;;AIO;20' - 40'
R-QP05-12 Pre-Installation of doors;1;AIO;20' - 40'
INSTALACIÓN  DE PUERTAS;12;AIO;20' - 40'
INSTALACIÓN ROXTEC;12;AIO;20' - 40'
INSTALACIÓN DE ELEMENTOS Y/O EQUIPOS;29;AIO;20' - 40'
CERRAMIENTO DE ALUMINIO;22;AIO;20' - 40'
PERFILERIA EXTERIOR;17;AIO;20' - 40'
R-QP05-28 Prefabricated Module Roof Inspection;1;AIO;20' - 40'
CORTE Y/O PREPARACIÓN DE CABLE;42;AIO;20' - 40'
MECANIZADO DE ELEMENTOS DE INSTALACIÓN ELECTRICA;7;AIO;20' - 40'
SISTEMA DE TIERRAS;32;AIO;20' - 40'
SISTEMA DE ILUMINACIÓN/EMERGENCIAS;35;AIO;20' - 40'
CABLEADO Y CONEXIONADO POTENCIA;;AIO;20' - 40'
INSTALACION DE CABLE;71;AIO;20' - 40'
CONEXIONADO DE EQUIPOS;199;AIO;20' - 40'
ETIQUETADO DE CABLE Y EQUIPOS;17;AIO;20' - 40'
INSTALACIÓN DE MEDIA TENSION;;AIO;20' - 40'
TRANSFORMADOR;0;AIO;20' - 40'
TRABAJOS DE MEDIA TENSIÓN;0;AIO;20' - 40'
TRABAJOS DE BT EN MT;0;AIO;20' - 40'
PRUEBAS DE MEDIA TENSIÓN;0;AIO;20' - 40'
SISTEMA DE MONITORIZACIÓN;;AIO;20' - 40'
MONTAJE DE EQUIPOS DE MONITORIZACIÓN;39;AIO;20' - 40'
INSTALACIÓN DE SEÑALES;62;AIO;20' - 40'
INSTALACIÓN DE UTP;10;AIO;20' - 40'
R-QP05-16 Acceptance of Installations. Monitoring;1;AIO;20' - 40'
CONTROL DE ACCESO;12;AIO;20' - 40'
PRUEBAS ELÉCTRICAS PRODUCCIÓN;;AIO;20' - 40'
RECOLECCIÓN DE NÚMEROS DE SERIE;;AIO;20' - 40'
PRUEBAS ELECTRICAS SIN TENSIÓN;36;AIO;20' - 40'
TORQUEO;15;AIO;20' - 40'
R-QP05-11 Acceptance of Installations. Electrical;3;AIO;20' - 40'
R-QP05-40 Acceptance of Torque;3;AIO;20' - 40'
R-QP07-08 BCF Factory Power Energization Authorization;3;AIO;20' - 40'
PRUEBAS ELECTRICAS CON TENSIÓN ;8;AIO;20' - 40'
SOPORTE A COMMISSIONING;7;AIO;20' - 40'
TRABAJOS DE INSTALACIÓN PCI;32;AIO;20' - 40'
REALIZACIÓN DE PRUEBAS PCI;8;AIO;20' - 40'
R-QP05-27 Door Fan Test;1;AIO;20' - 40'
R-QP05-04 Acceptance of Installations. FSS;1;AIO;20' - 40'
R-QP05-18 Acceptance of Installations. Assembly;3;AIO;20' - 40'
MONTAJE DE TUBERÍAS;31;AIO;20' - 40'
TRABAJOS DE CONEXIONADO Y VALVULERIA;5;AIO;20' - 40'
TRABAJOS DE FORRADO DE TUBERÍAS;6;AIO;20' - 40'
REALIZACIÓN DE PRUEBAS COOLING;7;AIO;20' - 40'
R-QP05-05 Acceptance of Installations. Cooling;1;AIO;20' - 40'
TRASLADO Y UBICACIÓN EN ZONA CX;8;AIO;20' - 40'
TESTEO Cx;45;AIO;20' - 40'
UPS START UP;;AIO;20' - 40'
FAT/FOK/Witness test;;AIO;20' - 40'
TRASLADO Y UBICACIÓN EN ZONA PRODUCCIÓN.;8;AIO;20' - 40'
MODIFICACIONES FAT/FOK/WITNESS TEST ;30;AIO;20' - 40'
R-QP05-03 QC 100% MDC;1;AIO;20' - 40'
DESENSAMBLAJE INSTALACIÓN ELÉCTRICA;1;AIO;20' - 40'
DESENSAMBLAJE INSTALACIÓN MECÁNICA;0;AIO;20' - 40'
LIMPIEZA FINAL CUADROS;15;AIO;20' - 40'
R-QP05-29 Outgoing electrical panel visual inspection;2;AIO;20' - 40'
CIERRE DE CUADROS Y PENDIENTES ELÉCTRICOS;7;AIO;20' - 40'
CIERRE DE CUADROS Y PENDIENTES MECÁNICOS;27;AIO;20' - 40'
LIMPIEZA FINAL;24;AIO;20' - 40'
REPASOS DE PINTURA;10;AIO;20' - 40'
R-QP05-02 Pre Shipment Inspection MDC;2;AIO;20' - 40'
R-QP05-24 Authorization for the release of the solutions;1;AIO;20' - 40'
EMBALAJE;16;AIO;20' - 40'
TRABAJOS PREVIOS MECANICOS;10;AIO;45' - 56'
CORTE Y ENSAMBLAJE DE CARRILES Y BANDEJAS;102;AIO;45' - 56'
NIVELACIÓN;17;AIO;45' - 56'
INSTALACIÓN CARRILES DE SOPORTACIÓN;112;AIO;45' - 56'
INSTALACIÓN DE BANDEJAS;185;AIO;45' - 56'
MECANIZADO DE ELEMENTOS DE INSTALACIÓN MECÁNICA;59;AIO;45' - 56'
EQUIPOS;;AIO;45' - 56'
INTRODUCCIÓN/FIJACIÓN de EQUIPOS;156;AIO;45' - 56'
ENSAMBLAJE DE CUADROS CUADRISTA;30;AIO;45' - 56'
ENSAMBLAJE DE EQUIPOS (CUADRO PRINCIPAL Y UPS);18;AIO;45' - 56'
CADENAS PORTACABLES;8;AIO;45' - 56'
INSTALACIÓN DE SUELO;18;AIO;45' - 56'
PANELADO;178;AIO;45' - 56'
MODIFICACIONES EN PANEL;;AIO;45' - 56'
R-QP05-12 Pre-Installation of doors;1;AIO;45' - 56'
INSTALACIÓN  DE PUERTAS;20;AIO;45' - 56'
INSTALACIÓN ROXTEC;17;AIO;45' - 56'
INSTALACIÓN DE ELEMENTOS Y/O EQUIPOS;36;AIO;45' - 56'
CERRAMIENTO DE ALUMINIO;41;AIO;45' - 56'
PERFILERIA EXTERIOR;31;AIO;45' - 56'
R-QP05-28 Prefabricated Module Roof Inspection;1;AIO;45' - 56'
CORTE Y/O PREPARACIÓN DE CABLE;44;AIO;45' - 56'
MECANIZADO DE ELEMENTOS DE INSTALACIÓN ELECTRICA;20;AIO;45' - 56'
SISTEMA DE TIERRAS;69;AIO;45' - 56'
SISTEMA DE ILUMINACIÓN/EMERGENCIAS;85;AIO;45' - 56'
CABLEADO Y CONEXIONADO POTENCIA;;AIO;45' - 56'
INSTALACION DE CABLE;128;AIO;45' - 56'
CONEXIONADO DE EQUIPOS;347;AIO;45' - 56'
ETIQUETADO DE CABLE Y EQUIPOS;33;AIO;45' - 56'
INSTALACIÓN DE MEDIA TENSION;;AIO;45' - 56'
TRANSFORMADOR;0;AIO;45' - 56'
TRABAJOS DE MEDIA TENSIÓN;0;AIO;45' - 56'
TRABAJOS DE BT EN MT;0;AIO;45' - 56'
PRUEBAS DE MEDIA TENSIÓN;0;AIO;45' - 56'
SISTEMA DE MONITORIZACIÓN;;AIO;45' - 56'
MONTAJE DE EQUIPOS DE MONITORIZACIÓN;75;AIO;45' - 56'
INSTALACIÓN DE SEÑALES;64;AIO;45' - 56'
INSTALACIÓN DE UTP;70;AIO;45' - 56'
R-QP05-16 Acceptance of Installations. Monitoring;1;AIO;45' - 56'
CONTROL DE ACCESO;13;AIO;45' - 56'
PRUEBAS ELÉCTRICAS PRODUCCIÓN;;AIO;45' - 56'
RECOLECCIÓN DE NÚMEROS DE SERIE;;AIO;45' - 56'
PRUEBAS ELECTRICAS SIN TENSIÓN;25;AIO;45' - 56'
TORQUEO;35;AIO;45' - 56'
R-QP05-11 Acceptance of Installations. Electrical;3;AIO;45' - 56'
R-QP05-40 Acceptance of Torque;3;AIO;45' - 56'
R-QP07-08 BCF Factory Power Energization Authorization;3;AIO;45' - 56'
PRUEBAS ELECTRICAS CON TENSIÓN ;16;AIO;45' - 56'
SOPORTE A COMMISSIONING;6;AIO;45' - 56'
TRABAJOS DE INSTALACIÓN PCI;37;AIO;45' - 56'
REALIZACIÓN DE PRUEBAS PCI;8;AIO;45' - 56'
R-QP05-27 Door Fan Test;1;AIO;45' - 56'
R-QP05-04 Acceptance of Installations. FSS;1;AIO;45' - 56'
R-QP05-18 Acceptance of Installations. Assembly;3;AIO;45' - 56'
MONTAJE DE TUBERÍAS;86;AIO;45' - 56'
TRABAJOS DE CONEXIONADO Y VALVULERIA;7;AIO;45' - 56'
TRABAJOS DE FORRADO DE TUBERÍAS;8;AIO;45' - 56'
REALIZACIÓN DE PRUEBAS COOLING;6;AIO;45' - 56'
R-QP05-05 Acceptance of Installations. Cooling;1;AIO;45' - 56'
TRASLADO Y UBICACIÓN EN ZONA CX;8;AIO;45' - 56'
TESTEO Cx;45;AIO;45' - 56'
UPS START UP;;AIO;45' - 56'
FAT/FOK/Witness test;;AIO;45' - 56'
TRASLADO Y UBICACIÓN EN ZONA PRODUCCIÓN.;8;AIO;45' - 56'
MODIFICACIONES FAT/FOK/WITNESS TEST ;30;AIO;45' - 56'
R-QP05-03 QC 100% MDC;1;AIO;45' - 56'
DESENSAMBLAJE INSTALACIÓN ELÉCTRICA;0;AIO;45' - 56'
DESENSAMBLAJE INSTALACIÓN MECÁNICA;1;AIO;45' - 56'
LIMPIEZA FINAL CUADROS;15;AIO;45' - 56'
R-QP05-29 Outgoing electrical panel visual inspection;2;AIO;45' - 56'
CIERRE DE CUADROS Y PENDIENTES ELÉCTRICOS;33;AIO;45' - 56'
CIERRE DE CUADROS Y PENDIENTES MECÁNICOS;19;AIO;45' - 56'
LIMPIEZA FINAL;43;AIO;45' - 56'
REPASOS DE PINTURA;10;AIO;45' - 56'
R-QP05-02 Pre Shipment Inspection MDC;2;AIO;45' - 56'
R-QP05-24 Authorization for the release of the solutions;1;AIO;45' - 56'
EMBALAJE;24;AIO;45' - 56'
TRABAJOS PREVIOS MECANICOS;10;DH;2u-4u
CORTE Y ENSAMBLAJE DE CARRILES Y BANDEJAS;54;DH;2u-4u
NIVELACIÓN;19;DH;2u-4u
INSTALACIÓN CARRILES DE SOPORTACIÓN;60;DH;2u-4u
INSTALACIÓN DE BANDEJAS;172;DH;2u-4u
MECANIZADO DE ELEMENTOS DE INSTALACIÓN MECÁNICA;41;DH;2u-4u
EQUIPOS;;DH;2u-4u
INTRODUCCIÓN/FIJACIÓN de EQUIPOS;94;DH;2u-4u
ENSAMBLAJE DE CUADROS CUADRISTA;30;DH;2u-4u
ENSAMBLAJE DE EQUIPOS (CUADRO PRINCIPAL Y UPS);8;DH;2u-4u
CADENAS PORTACABLES;8;DH;2u-4u
INSTALACIÓN DE SUELO;21;DH;2u-4u
PANELADO;9;DH;2u-4u
MODIFICACIONES EN PANEL;;DH;2u-4u
R-QP05-12 Pre-Installation of doors;1;DH;2u-4u
INSTALACIÓN  DE PUERTAS;8;DH;2u-4u
INSTALACIÓN ROXTEC;30;DH;2u-4u
INSTALACIÓN DE ELEMENTOS Y/O EQUIPOS;19;DH;2u-4u
CERRAMIENTO DE ALUMINIO;21;DH;2u-4u
PERFILERIA EXTERIOR;50;DH;2u-4u
R-QP05-28 Prefabricated Module Roof Inspection;1;DH;2u-4u
CORTE Y/O PREPARACIÓN DE CABLE;45;DH;2u-4u
MECANIZADO DE ELEMENTOS DE INSTALACIÓN ELECTRICA;30;DH;2u-4u
SISTEMA DE TIERRAS;45;DH;2u-4u
SISTEMA DE ILUMINACIÓN/EMERGENCIAS;45;DH;2u-4u
CABLEADO Y CONEXIONADO POTENCIA;;DH;2u-4u
INSTALACION DE CABLE;337;DH;2u-4u
CONEXIONADO DE EQUIPOS;145;DH;2u-4u
ETIQUETADO DE CABLE Y EQUIPOS;35;DH;2u-4u
INSTALACIÓN DE MEDIA TENSION;;DH;2u-4u
TRANSFORMADOR;0;DH;2u-4u
TRABAJOS DE MEDIA TENSIÓN;0;DH;2u-4u
TRABAJOS DE BT EN MT;0;DH;2u-4u
PRUEBAS DE MEDIA TENSIÓN;0;DH;2u-4u
SISTEMA DE MONITORIZACIÓN;;DH;2u-4u
MONTAJE DE EQUIPOS DE MONITORIZACIÓN;12;DH;2u-4u
INSTALACIÓN DE SEÑALES;50;DH;2u-4u
INSTALACIÓN DE UTP;15;DH;2u-4u
R-QP05-16 Acceptance of Installations. Monitoring;1;DH;2u-4u
CONTROL DE ACCESO;17;DH;2u-4u
PRUEBAS ELÉCTRICAS PRODUCCIÓN;;DH;2u-4u
RECOLECCIÓN DE NÚMEROS DE SERIE;;DH;2u-4u
PRUEBAS ELECTRICAS SIN TENSIÓN;7;DH;2u-4u
TORQUEO;25;DH;2u-4u
R-QP05-11 Acceptance of Installations. Electrical;3;DH;2u-4u
R-QP05-40 Acceptance of Torque;3;DH;2u-4u
R-QP07-08 BCF Factory Power Energization Authorization;3;DH;2u-4u
PRUEBAS ELECTRICAS CON TENSIÓN ;15;DH;2u-4u
SOPORTE A COMMISSIONING;7;DH;2u-4u
TRABAJOS DE INSTALACIÓN PCI;4;DH;2u-4u
REALIZACIÓN DE PRUEBAS PCI;8;DH;2u-4u
R-QP05-27 Door Fan Test;1;DH;2u-4u
R-QP05-04 Acceptance of Installations. FSS;1;DH;2u-4u
R-QP05-18 Acceptance of Installations. Assembly;3;DH;2u-4u
MONTAJE DE TUBERÍAS;40;DH;2u-4u
TRABAJOS DE CONEXIONADO Y VALVULERIA;17;DH;2u-4u
TRABAJOS DE FORRADO DE TUBERÍAS;10;DH;2u-4u
REALIZACIÓN DE PRUEBAS COOLING;13;DH;2u-4u
R-QP05-05 Acceptance of Installations. Cooling;1;DH;2u-4u
TRASLADO Y UBICACIÓN EN ZONA CX;8;DH;2u-4u
TESTEO Cx;45;DH;2u-4u
UPS START UP;;DH;2u-4u
FAT/FOK/Witness test;;DH;2u-4u
TRASLADO Y UBICACIÓN EN ZONA PRODUCCIÓN.;8;DH;2u-4u
MODIFICACIONES FAT/FOK/WITNESS TEST ;30;DH;2u-4u
R-QP05-03 QC 100% MDC;1;DH;2u-4u
DESENSAMBLAJE INSTALACIÓN ELÉCTRICA;28;DH;2u-4u
DESENSAMBLAJE INSTALACIÓN MECÁNICA;0;DH;2u-4u
LIMPIEZA FINAL CUADROS;15;DH;2u-4u
R-QP05-29 Outgoing electrical panel visual inspection;2;DH;2u-4u
CIERRE DE CUADROS Y PENDIENTES ELÉCTRICOS;18;DH;2u-4u
CIERRE DE CUADROS Y PENDIENTES MECÁNICOS;80;DH;2u-4u
LIMPIEZA FINAL;20;DH;2u-4u
REPASOS DE PINTURA;10;DH;2u-4u
R-QP05-02 Pre Shipment Inspection MDC;2;DH;2u-4u
R-QP05-24 Authorization for the release of the solutions;1;DH;2u-4u
EMBALAJE;24;DH;2u-4u
TRABAJOS PREVIOS MECANICOS;10;DH;5u-8u
CORTE Y ENSAMBLAJE DE CARRILES Y BANDEJAS;87;DH;5u-8u
NIVELACIÓN;8;DH;5u-8u
INSTALACIÓN CARRILES DE SOPORTACIÓN;73;DH;5u-8u
INSTALACIÓN DE BANDEJAS;75;DH;5u-8u
MECANIZADO DE ELEMENTOS DE INSTALACIÓN MECÁNICA;41;DH;5u-8u
EQUIPOS;;DH;5u-8u
INTRODUCCIÓN/FIJACIÓN de EQUIPOS;77;DH;5u-8u
ENSAMBLAJE DE CUADROS CUADRISTA;27;DH;5u-8u
ENSAMBLAJE DE EQUIPOS (CUADRO PRINCIPAL Y UPS);22;DH;5u-8u
CADENAS PORTACABLES;8;DH;5u-8u
INSTALACIÓN DE SUELO;29;DH;5u-8u
PANELADO;72;DH;5u-8u
MODIFICACIONES EN PANEL;;DH;5u-8u
R-QP05-12 Pre-Installation of doors;1;DH;5u-8u
INSTALACIÓN  DE PUERTAS;25;DH;5u-8u
INSTALACIÓN ROXTEC;21;DH;5u-8u
INSTALACIÓN DE ELEMENTOS Y/O EQUIPOS;22;DH;5u-8u
CERRAMIENTO DE ALUMINIO;107;DH;5u-8u
PERFILERIA EXTERIOR;50;DH;5u-8u
R-QP05-28 Prefabricated Module Roof Inspection;1;DH;5u-8u
CORTE Y/O PREPARACIÓN DE CABLE;45;DH;5u-8u
MECANIZADO DE ELEMENTOS DE INSTALACIÓN ELECTRICA;30;DH;5u-8u
SISTEMA DE TIERRAS;36;DH;5u-8u
SISTEMA DE ILUMINACIÓN/EMERGENCIAS;36;DH;5u-8u
CABLEADO Y CONEXIONADO POTENCIA;;DH;5u-8u
INSTALACION DE CABLE;52;DH;5u-8u
CONEXIONADO DE EQUIPOS;200;DH;5u-8u
ETIQUETADO DE CABLE Y EQUIPOS;35;DH;5u-8u
INSTALACIÓN DE MEDIA TENSION;;DH;5u-8u
TRANSFORMADOR;0;DH;5u-8u
TRABAJOS DE MEDIA TENSIÓN;0;DH;5u-8u
TRABAJOS DE BT EN MT;0;DH;5u-8u
PRUEBAS DE MEDIA TENSIÓN;0;DH;5u-8u
SISTEMA DE MONITORIZACIÓN;;DH;5u-8u
MONTAJE DE EQUIPOS DE MONITORIZACIÓN;35;DH;5u-8u
INSTALACIÓN DE SEÑALES;50;DH;5u-8u
INSTALACIÓN DE UTP;15;DH;5u-8u
R-QP05-16 Acceptance of Installations. Monitoring;1;DH;5u-8u
CONTROL DE ACCESO;17;DH;5u-8u
PRUEBAS ELÉCTRICAS PRODUCCIÓN;;DH;5u-8u
RECOLECCIÓN DE NÚMEROS DE SERIE;;DH;5u-8u
PRUEBAS ELECTRICAS SIN TENSIÓN;22;DH;5u-8u
TORQUEO;25;DH;5u-8u
R-QP05-11 Acceptance of Installations. Electrical;3;DH;5u-8u
R-QP05-40 Acceptance of Torque;3;DH;5u-8u
R-QP07-08 BCF Factory Power Energization Authorization;3;DH;5u-8u
PRUEBAS ELECTRICAS CON TENSIÓN ;40;DH;5u-8u
SOPORTE A COMMISSIONING;20;DH;5u-8u
TRABAJOS DE INSTALACIÓN PCI;27;DH;5u-8u
REALIZACIÓN DE PRUEBAS PCI;8;DH;5u-8u
R-QP05-27 Door Fan Test;1;DH;5u-8u
R-QP05-04 Acceptance of Installations. FSS;1;DH;5u-8u
R-QP05-18 Acceptance of Installations. Assembly;3;DH;5u-8u
MONTAJE DE TUBERÍAS;26;DH;5u-8u
TRABAJOS DE CONEXIONADO Y VALVULERIA;19;DH;5u-8u
TRABAJOS DE FORRADO DE TUBERÍAS;6;DH;5u-8u
REALIZACIÓN DE PRUEBAS COOLING;15;DH;5u-8u
R-QP05-05 Acceptance of Installations. Cooling;1;DH;5u-8u
TRASLADO Y UBICACIÓN EN ZONA CX;8;DH;5u-8u
TESTEO Cx;45;DH;5u-8u
UPS START UP;;DH;5u-8u
FAT/FOK/Witness test;;DH;5u-8u
TRASLADO Y UBICACIÓN EN ZONA PRODUCCIÓN.;8;DH;5u-8u
MODIFICACIONES FAT/FOK/WITNESS TEST ;30;DH;5u-8u
R-QP05-03 QC 100% MDC;1;DH;5u-8u
DESENSAMBLAJE INSTALACIÓN ELÉCTRICA;0;DH;5u-8u
DESENSAMBLAJE INSTALACIÓN MECÁNICA;0;DH;5u-8u
LIMPIEZA FINAL CUADROS;15;DH;5u-8u
R-QP05-29 Outgoing electrical panel visual inspection;2;DH;5u-8u
CIERRE DE CUADROS Y PENDIENTES ELÉCTRICOS;11;DH;5u-8u
CIERRE DE CUADROS Y PENDIENTES MECÁNICOS;37;DH;5u-8u
LIMPIEZA FINAL;19;DH;5u-8u
REPASOS DE PINTURA;10;DH;5u-8u
R-QP05-02 Pre Shipment Inspection MDC;2;DH;5u-8u
R-QP05-24 Authorization for the release of the solutions;1;DH;5u-8u
EMBALAJE;24;DH;5u-8u
TRABAJOS PREVIOS MECANICOS;10;PM;20' - 45'
CORTE Y ENSAMBLAJE DE CARRILES Y BANDEJAS;68;PM;20' - 45'
NIVELACIÓN;7;PM;20' - 45'
INSTALACIÓN CARRILES DE SOPORTACIÓN;69;PM;20' - 45'
INSTALACIÓN DE BANDEJAS;90;PM;20' - 45'
MECANIZADO DE ELEMENTOS DE INSTALACIÓN MECÁNICA;27;PM;20' - 45'
EQUIPOS;;PM;20' - 45'
INTRODUCCIÓN/FIJACIÓN de EQUIPOS;140;PM;20' - 45'
ENSAMBLAJE DE CUADROS CUADRISTA;27;PM;20' - 45'
ENSAMBLAJE DE EQUIPOS (CUADRO PRINCIPAL Y UPS);16;PM;20' - 45'
CADENAS PORTACABLES;8;PM;20' - 45'
INSTALACIÓN DE SUELO;13;PM;20' - 45'
PANELADO;90;PM;20' - 45'
MODIFICACIONES EN PANEL;;PM;20' - 45'
R-QP05-12 Pre-Installation of doors;1;PM;20' - 45'
INSTALACIÓN  DE PUERTAS;18;PM;20' - 45'
INSTALACIÓN ROXTEC;25;PM;20' - 45'
INSTALACIÓN DE ELEMENTOS Y/O EQUIPOS;15;PM;20' - 45'
CERRAMIENTO DE ALUMINIO;24;PM;20' - 45'
PERFILERIA EXTERIOR;9;PM;20' - 45'
R-QP05-28 Prefabricated Module Roof Inspection;1;PM;20' - 45'
CORTE Y/O PREPARACIÓN DE CABLE;80;PM;20' - 45'
MECANIZADO DE ELEMENTOS DE INSTALACIÓN ELECTRICA;8;PM;20' - 45'
SISTEMA DE TIERRAS;31;PM;20' - 45'
SISTEMA DE ILUMINACIÓN/EMERGENCIAS;35;PM;20' - 45'
CABLEADO Y CONEXIONADO POTENCIA;;PM;20' - 45'
INSTALACION DE CABLE;155;PM;20' - 45'
CONEXIONADO DE EQUIPOS;461;PM;20' - 45'
ETIQUETADO DE CABLE Y EQUIPOS;11;PM;20' - 45'
INSTALACIÓN DE MEDIA TENSION;;PM;20' - 45'
TRANSFORMADOR;2;PM;20' - 45'
TRABAJOS DE MEDIA TENSIÓN;0;PM;20' - 45'
TRABAJOS DE BT EN MT;1;PM;20' - 45'
PRUEBAS DE MEDIA TENSIÓN;0;PM;20' - 45'
SISTEMA DE MONITORIZACIÓN;;PM;20' - 45'
MONTAJE DE EQUIPOS DE MONITORIZACIÓN;12;PM;20' - 45'
INSTALACIÓN DE SEÑALES;25;PM;20' - 45'
INSTALACIÓN DE UTP;5;PM;20' - 45'
R-QP05-16 Acceptance of Installations. Monitoring;1;PM;20' - 45'
CONTROL DE ACCESO;8;PM;20' - 45'
PRUEBAS ELÉCTRICAS PRODUCCIÓN;;PM;20' - 45'
RECOLECCIÓN DE NÚMEROS DE SERIE;;PM;20' - 45'
PRUEBAS ELECTRICAS SIN TENSIÓN;36;PM;20' - 45'
TORQUEO;46;PM;20' - 45'
R-QP05-11 Acceptance of Installations. Electrical;3;PM;20' - 45'
R-QP05-40 Acceptance of Torque;3;PM;20' - 45'
R-QP07-08 BCF Factory Power Energization Authorization;3;PM;20' - 45'
PRUEBAS ELECTRICAS CON TENSIÓN ;6;PM;20' - 45'
SOPORTE A COMMISSIONING;20;PM;20' - 45'
TRABAJOS DE INSTALACIÓN PCI;23;PM;20' - 45'
REALIZACIÓN DE PRUEBAS PCI;8;PM;20' - 45'
R-QP05-27 Door Fan Test;1;PM;20' - 45'
R-QP05-04 Acceptance of Installations. FSS;1;PM;20' - 45'
R-QP05-18 Acceptance of Installations. Assembly;3;PM;20' - 45'
MONTAJE DE TUBERÍAS;30;PM;20' - 45'
TRABAJOS DE CONEXIONADO Y VALVULERIA;11;PM;20' - 45'
TRABAJOS DE FORRADO DE TUBERÍAS;10;PM;20' - 45'
REALIZACIÓN DE PRUEBAS COOLING;1;PM;20' - 45'
R-QP05-05 Acceptance of Installations. Cooling;1;PM;20' - 45'
TRASLADO Y UBICACIÓN EN ZONA CX;8;PM;20' - 45'
TESTEO Cx;45;PM;20' - 45'
UPS START UP;;PM;20' - 45'
FAT/FOK/Witness test;;PM;20' - 45'
TRASLADO Y UBICACIÓN EN ZONA PRODUCCIÓN.;8;PM;20' - 45'
MODIFICACIONES FAT/FOK/WITNESS TEST ;30;PM;20' - 45'
R-QP05-03 QC 100% MDC;1;PM;20' - 45'
DESENSAMBLAJE INSTALACIÓN ELÉCTRICA;0;PM;20' - 45'
DESENSAMBLAJE INSTALACIÓN MECÁNICA;0;PM;20' - 45'
LIMPIEZA FINAL CUADROS;9;PM;20' - 45'
R-QP05-29 Outgoing electrical panel visual inspection;2;PM;20' - 45'
CIERRE DE CUADROS Y PENDIENTES ELÉCTRICOS;21;PM;20' - 45'
CIERRE DE CUADROS Y PENDIENTES MECÁNICOS;12;PM;20' - 45'
LIMPIEZA FINAL;55;PM;20' - 45'
REPASOS DE PINTURA;10;PM;20' - 45'
R-QP05-02 Pre Shipment Inspection MDC;2;PM;20' - 45'
R-QP05-24 Authorization for the release of the solutions;1;PM;20' - 45'
EMBALAJE;16;PM;20' - 45'
TRABAJOS PREVIOS MECANICOS;10;PM;50' - 56'
CORTE Y ENSAMBLAJE DE CARRILES Y BANDEJAS;76;PM;50' - 56'
NIVELACIÓN;10;PM;50' - 56'
INSTALACIÓN CARRILES DE SOPORTACIÓN;168;PM;50' - 56'
INSTALACIÓN DE BANDEJAS;136;PM;50' - 56'
MECANIZADO DE ELEMENTOS DE INSTALACIÓN MECÁNICA;30;PM;50' - 56'
EQUIPOS;;PM;50' - 56'
INTRODUCCIÓN/FIJACIÓN de EQUIPOS;267;PM;50' - 56'
ENSAMBLAJE DE CUADROS CUADRISTA;42;PM;50' - 56'
ENSAMBLAJE DE EQUIPOS (CUADRO PRINCIPAL Y UPS);19;PM;50' - 56'
CADENAS PORTACABLES;8;PM;50' - 56'
INSTALACIÓN DE SUELO;60;PM;50' - 56'
PANELADO;108;PM;50' - 56'
MODIFICACIONES EN PANEL;;PM;50' - 56'
R-QP05-12 Pre-Installation of doors;1;PM;50' - 56'
INSTALACIÓN  DE PUERTAS;18;PM;50' - 56'
INSTALACIÓN ROXTEC;39;PM;50' - 56'
INSTALACIÓN DE ELEMENTOS Y/O EQUIPOS;114;PM;50' - 56'
CERRAMIENTO DE ALUMINIO;68;PM;50' - 56'
PERFILERIA EXTERIOR;88;PM;50' - 56'
R-QP05-28 Prefabricated Module Roof Inspection;1;PM;50' - 56'
CORTE Y/O PREPARACIÓN DE CABLE;18;PM;50' - 56'
MECANIZADO DE ELEMENTOS DE INSTALACIÓN ELECTRICA;22;PM;50' - 56'
SISTEMA DE TIERRAS;41;PM;50' - 56'
SISTEMA DE ILUMINACIÓN/EMERGENCIAS;23;PM;50' - 56'
CABLEADO Y CONEXIONADO POTENCIA;;PM;50' - 56'
INSTALACION DE CABLE;567;PM;50' - 56'
CONEXIONADO DE EQUIPOS;257;PM;50' - 56'
ETIQUETADO DE CABLE Y EQUIPOS;23;PM;50' - 56'
INSTALACIÓN DE MEDIA TENSION;;PM;50' - 56'
TRANSFORMADOR;5;PM;50' - 56'
TRABAJOS DE MEDIA TENSIÓN;10;PM;50' - 56'
TRABAJOS DE BT EN MT;0;PM;50' - 56'
PRUEBAS DE MEDIA TENSIÓN;0;PM;50' - 56'
SISTEMA DE MONITORIZACIÓN;;PM;50' - 56'
MONTAJE DE EQUIPOS DE MONITORIZACIÓN;40;PM;50' - 56'
INSTALACIÓN DE SEÑALES;40;PM;50' - 56'
INSTALACIÓN DE UTP;10;PM;50' - 56'
R-QP05-16 Acceptance of Installations. Monitoring;1;PM;50' - 56'
CONTROL DE ACCESO;2;PM;50' - 56'
PRUEBAS ELÉCTRICAS PRODUCCIÓN;;PM;50' - 56'
RECOLECCIÓN DE NÚMEROS DE SERIE;;PM;50' - 56'
PRUEBAS ELECTRICAS SIN TENSIÓN;56;PM;50' - 56'
TORQUEO;44;PM;50' - 56'
R-QP05-11 Acceptance of Installations. Electrical;3;PM;50' - 56'
R-QP05-40 Acceptance of Torque;3;PM;50' - 56'
R-QP07-08 BCF Factory Power Energization Authorization;3;PM;50' - 56'
PRUEBAS ELECTRICAS CON TENSIÓN ;9;PM;50' - 56'
SOPORTE A COMMISSIONING;33;PM;50' - 56'
TRABAJOS DE INSTALACIÓN PCI;24;PM;50' - 56'
REALIZACIÓN DE PRUEBAS PCI;1;PM;50' - 56'
R-QP05-27 Door Fan Test;1;PM;50' - 56'
R-QP05-04 Acceptance of Installations. FSS;1;PM;50' - 56'
R-QP05-18 Acceptance of Installations. Assembly;3;PM;50' - 56'
MONTAJE DE TUBERÍAS;7;PM;50' - 56'
TRABAJOS DE CONEXIONADO Y VALVULERIA;3;PM;50' - 56'
TRABAJOS DE FORRADO DE TUBERÍAS;1;PM;50' - 56'
REALIZACIÓN DE PRUEBAS COOLING;1;PM;50' - 56'
R-QP05-05 Acceptance of Installations. Cooling;1;PM;50' - 56'
TRASLADO Y UBICACIÓN EN ZONA CX;8;PM;50' - 56'
TESTEO Cx;45;PM;50' - 56'
UPS START UP;;PM;50' - 56'
FAT/FOK/Witness test;;PM;50' - 56'
TRASLADO Y UBICACIÓN EN ZONA PRODUCCIÓN.;8;PM;50' - 56'
MODIFICACIONES FAT/FOK/WITNESS TEST ;30;PM;50' - 56'
R-QP05-03 QC 100% MDC;1;PM;50' - 56'
DESENSAMBLAJE INSTALACIÓN ELÉCTRICA;0;PM;50' - 56'
DESENSAMBLAJE INSTALACIÓN MECÁNICA;0;PM;50' - 56'
LIMPIEZA FINAL CUADROS;2;PM;50' - 56'
R-QP05-29 Outgoing electrical panel visual inspection;2;PM;50' - 56'
CIERRE DE CUADROS Y PENDIENTES ELÉCTRICOS;25;PM;50' - 56'
CIERRE DE CUADROS Y PENDIENTES MECÁNICOS;15;PM;50' - 56'
LIMPIEZA FINAL;61;PM;50' - 56'
REPASOS DE PINTURA;10;PM;50' - 56'
R-QP05-02 Pre Shipment Inspection MDC;2;PM;50' - 56'
R-QP05-24 Authorization for the release of the solutions;1;PM;50' - 56'
EMBALAJE;24;PM;50' - 56'
TRABAJOS PREVIOS MECANICOS;10;MO;BD1
CORTE Y ENSAMBLAJE DE CARRILES Y BANDEJAS;37;MO;BD1
NIVELACIÓN;9;MO;BD1
INSTALACIÓN CARRILES DE SOPORTACIÓN;25;MO;BD1
INSTALACIÓN DE BANDEJAS;30;MO;BD1
MECANIZADO DE ELEMENTOS DE INSTALACIÓN MECÁNICA;36;MO;BD1
EQUIPOS;;MO;BD1
INTRODUCCIÓN/FIJACIÓN de EQUIPOS;58;MO;BD1
ENSAMBLAJE DE CUADROS CUADRISTA;1;MO;BD1
ENSAMBLAJE DE EQUIPOS (CUADRO PRINCIPAL Y UPS);4;MO;BD1
CADENAS PORTACABLES;8;MO;BD1
INSTALACIÓN DE SUELO;11;MO;BD1
PANELADO;0;MO;BD1
MODIFICACIONES EN PANEL;;MO;BD1
R-QP05-12 Pre-Installation of doors;1;MO;BD1
INSTALACIÓN  DE PUERTAS;12;MO;BD1
INSTALACIÓN ROXTEC;5;MO;BD1
INSTALACIÓN DE ELEMENTOS Y/O EQUIPOS;13;MO;BD1
CERRAMIENTO DE ALUMINIO;35;MO;BD1
PERFILERIA EXTERIOR;1;MO;BD1
R-QP05-28 Prefabricated Module Roof Inspection;1;MO;BD1
CORTE Y/O PREPARACIÓN DE CABLE;29;MO;BD1
MECANIZADO DE ELEMENTOS DE INSTALACIÓN ELECTRICA;14;MO;BD1
SISTEMA DE TIERRAS;20;MO;BD1
SISTEMA DE ILUMINACIÓN/EMERGENCIAS;35;MO;BD1
CABLEADO Y CONEXIONADO POTENCIA;;MO;BD1
INSTALACION DE CABLE;135;MO;BD1
CONEXIONADO DE EQUIPOS;66;MO;BD1
ETIQUETADO DE CABLE Y EQUIPOS;19;MO;BD1
INSTALACIÓN DE MEDIA TENSION;;MO;BD1
TRANSFORMADOR;0;MO;BD1
TRABAJOS DE MEDIA TENSIÓN;0;MO;BD1
TRABAJOS DE BT EN MT;0;MO;BD1
PRUEBAS DE MEDIA TENSIÓN;0;MO;BD1
SISTEMA DE MONITORIZACIÓN;;MO;BD1
MONTAJE DE EQUIPOS DE MONITORIZACIÓN;43;MO;BD1
INSTALACIÓN DE SEÑALES;33;MO;BD1
INSTALACIÓN DE UTP;20;MO;BD1
R-QP05-16 Acceptance of Installations. Monitoring;1;MO;BD1
CONTROL DE ACCESO;9;MO;BD1
PRUEBAS ELÉCTRICAS PRODUCCIÓN;;MO;BD1
RECOLECCIÓN DE NÚMEROS DE SERIE;;MO;BD1
PRUEBAS ELECTRICAS SIN TENSIÓN;19;MO;BD1
TORQUEO;19;MO;BD1
R-QP05-11 Acceptance of Installations. Electrical;3;MO;BD1
R-QP05-40 Acceptance of Torque;3;MO;BD1
R-QP07-08 BCF Factory Power Energization Authorization;3;MO;BD1
PRUEBAS ELECTRICAS CON TENSIÓN ;9;MO;BD1
SOPORTE A COMMISSIONING;1;MO;BD1
TRABAJOS DE INSTALACIÓN PCI;28;MO;BD1
REALIZACIÓN DE PRUEBAS PCI;3;MO;BD1
R-QP05-27 Door Fan Test;1;MO;BD1
R-QP05-04 Acceptance of Installations. FSS;1;MO;BD1
R-QP05-18 Acceptance of Installations. Assembly;3;MO;BD1
MONTAJE DE TUBERÍAS;63;MO;BD1
TRABAJOS DE CONEXIONADO Y VALVULERIA;12;MO;BD1
TRABAJOS DE FORRADO DE TUBERÍAS;7;MO;BD1
REALIZACIÓN DE PRUEBAS COOLING;6;MO;BD1
R-QP05-05 Acceptance of Installations. Cooling;1;MO;BD1
TRASLADO Y UBICACIÓN EN ZONA CX;8;MO;BD1
TESTEO Cx;45;MO;BD1
UPS START UP;;MO;BD1
FAT/FOK/Witness test;;MO;BD1
TRASLADO Y UBICACIÓN EN ZONA PRODUCCIÓN.;8;MO;BD1
MODIFICACIONES FAT/FOK/WITNESS TEST ;30;MO;BD1
R-QP05-03 QC 100% MDC;1;MO;BD1
DESENSAMBLAJE INSTALACIÓN ELÉCTRICA;0;MO;BD1
DESENSAMBLAJE INSTALACIÓN MECÁNICA;0;MO;BD1
LIMPIEZA FINAL CUADROS;15;MO;BD1
R-QP05-29 Outgoing electrical panel visual inspection;2;MO;BD1
CIERRE DE CUADROS Y PENDIENTES ELÉCTRICOS;11;MO;BD1
CIERRE DE CUADROS Y PENDIENTES MECÁNICOS;25;MO;BD1
LIMPIEZA FINAL;20;MO;BD1
REPASOS DE PINTURA;6;MO;BD1
R-QP05-02 Pre Shipment Inspection MDC;2;MO;BD1
R-QP05-24 Authorization for the release of the solutions;1;MO;BD1
EMBALAJE;16;MO;BD1
TRABAJOS PREVIOS MECANICOS;10;MO;BD3
CORTE Y ENSAMBLAJE DE CARRILES Y BANDEJAS;32;MO;BD3
NIVELACIÓN;8;MO;BD3
INSTALACIÓN CARRILES DE SOPORTACIÓN;33;MO;BD3
INSTALACIÓN DE BANDEJAS;37;MO;BD3
MECANIZADO DE ELEMENTOS DE INSTALACIÓN MECÁNICA;17;MO;BD3
EQUIPOS;;MO;BD3
INTRODUCCIÓN/FIJACIÓN de EQUIPOS;72;MO;BD3
ENSAMBLAJE DE CUADROS CUADRISTA;3;MO;BD3
ENSAMBLAJE DE EQUIPOS (CUADRO PRINCIPAL Y UPS);12;MO;BD3
CADENAS PORTACABLES;8;MO;BD3
INSTALACIÓN DE SUELO;2;MO;BD3
PANELADO;1;MO;BD3
MODIFICACIONES EN PANEL;;MO;BD3
R-QP05-12 Pre-Installation of doors;1;MO;BD3
INSTALACIÓN  DE PUERTAS;0;MO;BD3
INSTALACIÓN ROXTEC;4;MO;BD3
INSTALACIÓN DE ELEMENTOS Y/O EQUIPOS;17;MO;BD3
CERRAMIENTO DE ALUMINIO;25;MO;BD3
PERFILERIA EXTERIOR;0;MO;BD3
R-QP05-28 Prefabricated Module Roof Inspection;1;MO;BD3
CORTE Y/O PREPARACIÓN DE CABLE;29;MO;BD3
MECANIZADO DE ELEMENTOS DE INSTALACIÓN ELECTRICA;6;MO;BD3
SISTEMA DE TIERRAS;18;MO;BD3
SISTEMA DE ILUMINACIÓN/EMERGENCIAS;33;MO;BD3
CABLEADO Y CONEXIONADO POTENCIA;;MO;BD3
INSTALACION DE CABLE;37;MO;BD3
CONEXIONADO DE EQUIPOS;131;MO;BD3
ETIQUETADO DE CABLE Y EQUIPOS;6;MO;BD3
INSTALACIÓN DE MEDIA TENSION;;MO;BD3
TRANSFORMADOR;0;MO;BD3
TRABAJOS DE MEDIA TENSIÓN;0;MO;BD3
TRABAJOS DE BT EN MT;0;MO;BD3
PRUEBAS DE MEDIA TENSIÓN;0;MO;BD3
SISTEMA DE MONITORIZACIÓN;;MO;BD3
MONTAJE DE EQUIPOS DE MONITORIZACIÓN;33;MO;BD3
INSTALACIÓN DE SEÑALES;33;MO;BD3
INSTALACIÓN DE UTP;37;MO;BD3
R-QP05-16 Acceptance of Installations. Monitoring;1;MO;BD3
CONTROL DE ACCESO;10;MO;BD3
PRUEBAS ELÉCTRICAS PRODUCCIÓN;;MO;BD3
RECOLECCIÓN DE NÚMEROS DE SERIE;;MO;BD3
PRUEBAS ELECTRICAS SIN TENSIÓN;33;MO;BD3
TORQUEO;24;MO;BD3
R-QP05-11 Acceptance of Installations. Electrical;3;MO;BD3
R-QP05-40 Acceptance of Torque;3;MO;BD3
R-QP07-08 BCF Factory Power Energization Authorization;3;MO;BD3
PRUEBAS ELECTRICAS CON TENSIÓN ;8;MO;BD3
SOPORTE A COMMISSIONING;2;MO;BD3
TRABAJOS DE INSTALACIÓN PCI;77;MO;BD3
REALIZACIÓN DE PRUEBAS PCI;2;MO;BD3
R-QP05-27 Door Fan Test;1;MO;BD3
R-QP05-04 Acceptance of Installations. FSS;1;MO;BD3
R-QP05-18 Acceptance of Installations. Assembly;3;MO;BD3
MONTAJE DE TUBERÍAS;27;MO;BD3
TRABAJOS DE CONEXIONADO Y VALVULERIA;7;MO;BD3
TRABAJOS DE FORRADO DE TUBERÍAS;5;MO;BD3
REALIZACIÓN DE PRUEBAS COOLING;10;MO;BD3
R-QP05-05 Acceptance of Installations. Cooling;1;MO;BD3
TRASLADO Y UBICACIÓN EN ZONA CX;8;MO;BD3
TESTEO Cx;45;MO;BD3
UPS START UP;;MO;BD3
FAT/FOK/Witness test;;MO;BD3
TRASLADO Y UBICACIÓN EN ZONA PRODUCCIÓN.;8;MO;BD3
MODIFICACIONES FAT/FOK/WITNESS TEST ;30;MO;BD3
R-QP05-03 QC 100% MDC;1;MO;BD3
DESENSAMBLAJE INSTALACIÓN ELÉCTRICA;0;MO;BD3
DESENSAMBLAJE INSTALACIÓN MECÁNICA;2;MO;BD3
LIMPIEZA FINAL CUADROS;15;MO;BD3
R-QP05-29 Outgoing electrical panel visual inspection;2;MO;BD3
CIERRE DE CUADROS Y PENDIENTES ELÉCTRICOS;22;MO;BD3
CIERRE DE CUADROS Y PENDIENTES MECÁNICOS;6;MO;BD3
LIMPIEZA FINAL;31;MO;BD3
REPASOS DE PINTURA;11;MO;BD3
R-QP05-02 Pre Shipment Inspection MDC;2;MO;BD3
R-QP05-24 Authorization for the release of the solutions;1;MO;BD3
EMBALAJE;12;MO;BD3
TRABAJOS PREVIOS MECANICOS;10;MO;BD4
CORTE Y ENSAMBLAJE DE CARRILES Y BANDEJAS;102;MO;BD4
NIVELACIÓN;17;MO;BD4
INSTALACIÓN CARRILES DE SOPORTACIÓN;112;MO;BD4
INSTALACIÓN DE BANDEJAS;185;MO;BD4
MECANIZADO DE ELEMENTOS DE INSTALACIÓN MECÁNICA;59;MO;BD4
EQUIPOS;;MO;BD4
INTRODUCCIÓN/FIJACIÓN de EQUIPOS;156;MO;BD4
ENSAMBLAJE DE CUADROS CUADRISTA;30;MO;BD4
ENSAMBLAJE DE EQUIPOS (CUADRO PRINCIPAL Y UPS);22;MO;BD4
CADENAS PORTACABLES;8;MO;BD4
INSTALACIÓN DE SUELO;18;MO;BD4
PANELADO;178;MO;BD4
MODIFICACIONES EN PANEL;;MO;BD4
R-QP05-12 Pre-Installation of doors;1;MO;BD4
INSTALACIÓN  DE PUERTAS;20;MO;BD4
INSTALACIÓN ROXTEC;17;MO;BD4
INSTALACIÓN DE ELEMENTOS Y/O EQUIPOS;36;MO;BD4
CERRAMIENTO DE ALUMINIO;41;MO;BD4
PERFILERIA EXTERIOR;31;MO;BD4
R-QP05-28 Prefabricated Module Roof Inspection;1;MO;BD4
CORTE Y/O PREPARACIÓN DE CABLE;17;MO;BD4
MECANIZADO DE ELEMENTOS DE INSTALACIÓN ELECTRICA;20;MO;BD4
SISTEMA DE TIERRAS;30;MO;BD4
SISTEMA DE ILUMINACIÓN/EMERGENCIAS;48;MO;BD4
CABLEADO Y CONEXIONADO POTENCIA;;MO;BD4
INSTALACION DE CABLE;128;MO;BD4
CONEXIONADO DE EQUIPOS;134;MO;BD4
ETIQUETADO DE CABLE Y EQUIPOS;33;MO;BD4
INSTALACIÓN DE MEDIA TENSION;;MO;BD4
TRANSFORMADOR;0;MO;BD4
TRABAJOS DE MEDIA TENSIÓN;0;MO;BD4
TRABAJOS DE BT EN MT;0;MO;BD4
PRUEBAS DE MEDIA TENSIÓN;0;MO;BD4
SISTEMA DE MONITORIZACIÓN;;MO;BD4
MONTAJE DE EQUIPOS DE MONITORIZACIÓN;184;MO;BD4
INSTALACIÓN DE SEÑALES;12;MO;BD4
INSTALACIÓN DE UTP;0;MO;BD4
R-QP05-16 Acceptance of Installations. Monitoring;1;MO;BD4
CONTROL DE ACCESO;0;MO;BD4
PRUEBAS ELÉCTRICAS PRODUCCIÓN;;MO;BD4
RECOLECCIÓN DE NÚMEROS DE SERIE;;MO;BD4
PRUEBAS ELECTRICAS SIN TENSIÓN;25;MO;BD4
TORQUEO;35;MO;BD4
R-QP05-11 Acceptance of Installations. Electrical;3;MO;BD4
R-QP05-40 Acceptance of Torque;3;MO;BD4
R-QP07-08 BCF Factory Power Energization Authorization;3;MO;BD4
PRUEBAS ELECTRICAS CON TENSIÓN ;46;MO;BD4
SOPORTE A COMMISSIONING;6;MO;BD4
TRABAJOS DE INSTALACIÓN PCI;161;MO;BD4
REALIZACIÓN DE PRUEBAS PCI;20;MO;BD4
R-QP05-27 Door Fan Test;1;MO;BD4
R-QP05-04 Acceptance of Installations. FSS;1;MO;BD4
R-QP05-18 Acceptance of Installations. Assembly;3;MO;BD4
MONTAJE DE TUBERÍAS;86;MO;BD4
TRABAJOS DE CONEXIONADO Y VALVULERIA;7;MO;BD4
TRABAJOS DE FORRADO DE TUBERÍAS;8;MO;BD4
REALIZACIÓN DE PRUEBAS COOLING;6;MO;BD4
R-QP05-05 Acceptance of Installations. Cooling;1;MO;BD4
TRASLADO Y UBICACIÓN EN ZONA CX;8;MO;BD4
TESTEO Cx;45;MO;BD4
UPS START UP;;MO;BD4
FAT/FOK/Witness test;;MO;BD4
TRASLADO Y UBICACIÓN EN ZONA PRODUCCIÓN.;8;MO;BD4
MODIFICACIONES FAT/FOK/WITNESS TEST ;30;MO;BD4
R-QP05-03 QC 100% MDC;1;MO;BD4
DESENSAMBLAJE INSTALACIÓN ELÉCTRICA;0;MO;BD4
DESENSAMBLAJE INSTALACIÓN MECÁNICA;0;MO;BD4
LIMPIEZA FINAL CUADROS;15;MO;BD4
R-QP05-29 Outgoing electrical panel visual inspection;2;MO;BD4
CIERRE DE CUADROS Y PENDIENTES ELÉCTRICOS;23;MO;BD4
CIERRE DE CUADROS Y PENDIENTES MECÁNICOS;41;MO;BD4
LIMPIEZA FINAL;30;MO;BD4
REPASOS DE PINTURA;2;MO;BD4
R-QP05-02 Pre Shipment Inspection MDC;2;MO;BD4
R-QP05-24 Authorization for the release of the solutions;1;MO;BD4
EMBALAJE;16;MO;BD4
TRABAJOS PREVIOS MECANICOS;10;SKID;20' - 45'
CORTE Y ENSAMBLAJE DE CARRILES Y BANDEJAS;57;SKID;20' - 45'
NIVELACIÓN;0;SKID;20' - 45'
INSTALACIÓN CARRILES DE SOPORTACIÓN;53;SKID;20' - 45'
INSTALACIÓN DE BANDEJAS;57;SKID;20' - 45'
MECANIZADO DE ELEMENTOS DE INSTALACIÓN MECÁNICA;33;SKID;20' - 45'
EQUIPOS;;SKID;20' - 45'
INTRODUCCIÓN/FIJACIÓN de EQUIPOS;68;SKID;20' - 45'
ENSAMBLAJE DE CUADROS CUADRISTA;1;SKID;20' - 45'
ENSAMBLAJE DE EQUIPOS (CUADRO PRINCIPAL Y UPS);0;SKID;20' - 45'
CADENAS PORTACABLES;8;SKID;20' - 45'
INSTALACIÓN DE SUELO;0;SKID;20' - 45'
PANELADO;0;SKID;20' - 45'
MODIFICACIONES EN PANEL;;SKID;20' - 45'
R-QP05-12 Pre-Installation of doors;1;SKID;20' - 45'
INSTALACIÓN  DE PUERTAS;0;SKID;20' - 45'
INSTALACIÓN ROXTEC;0;SKID;20' - 45'
INSTALACIÓN DE ELEMENTOS Y/O EQUIPOS;0;SKID;20' - 45'
CERRAMIENTO DE ALUMINIO;0;SKID;20' - 45'
PERFILERIA EXTERIOR;0;SKID;20' - 45'
R-QP05-28 Prefabricated Module Roof Inspection;1;SKID;20' - 45'
CORTE Y/O PREPARACIÓN DE CABLE;62;SKID;20' - 45'
MECANIZADO DE ELEMENTOS DE INSTALACIÓN ELECTRICA;0;SKID;20' - 45'
SISTEMA DE TIERRAS;26;SKID;20' - 45'
SISTEMA DE ILUMINACIÓN/EMERGENCIAS;22;SKID;20' - 45'
CABLEADO Y CONEXIONADO POTENCIA;;SKID;20' - 45'
INSTALACION DE CABLE;206;SKID;20' - 45'
CONEXIONADO DE EQUIPOS;66;SKID;20' - 45'
ETIQUETADO DE CABLE Y EQUIPOS;23;SKID;20' - 45'
INSTALACIÓN DE MEDIA TENSION;;SKID;20' - 45'
TRANSFORMADOR;0;SKID;20' - 45'
TRABAJOS DE MEDIA TENSIÓN;0;SKID;20' - 45'
TRABAJOS DE BT EN MT;0;SKID;20' - 45'
PRUEBAS DE MEDIA TENSIÓN;0;SKID;20' - 45'
SISTEMA DE MONITORIZACIÓN;;SKID;20' - 45'
MONTAJE DE EQUIPOS DE MONITORIZACIÓN;40;SKID;20' - 45'
INSTALACIÓN DE SEÑALES;40;SKID;20' - 45'
INSTALACIÓN DE UTP;10;SKID;20' - 45'
R-QP05-16 Acceptance of Installations. Monitoring;1;SKID;20' - 45'
CONTROL DE ACCESO;0;SKID;20' - 45'
PRUEBAS ELÉCTRICAS PRODUCCIÓN;;SKID;20' - 45'
RECOLECCIÓN DE NÚMEROS DE SERIE;;SKID;20' - 45'
PRUEBAS ELECTRICAS SIN TENSIÓN;14;SKID;20' - 45'
TORQUEO;41;SKID;20' - 45'
R-QP05-11 Acceptance of Installations. Electrical;3;SKID;20' - 45'
R-QP05-40 Acceptance of Torque;3;SKID;20' - 45'
R-QP07-08 BCF Factory Power Energization Authorization;3;SKID;20' - 45'
PRUEBAS ELECTRICAS CON TENSIÓN ;7;SKID;20' - 45'
SOPORTE A COMMISSIONING;8;SKID;20' - 45'
TRABAJOS DE INSTALACIÓN PCI;0;SKID;20' - 45'
REALIZACIÓN DE PRUEBAS PCI;0;SKID;20' - 45'
R-QP05-27 Door Fan Test;1;SKID;20' - 45'
R-QP05-04 Acceptance of Installations. FSS;1;SKID;20' - 45'
R-QP05-18 Acceptance of Installations. Assembly;3;SKID;20' - 45'
MONTAJE DE TUBERÍAS;0;SKID;20' - 45'
TRABAJOS DE CONEXIONADO Y VALVULERIA;0;SKID;20' - 45'
TRABAJOS DE FORRADO DE TUBERÍAS;0;SKID;20' - 45'
REALIZACIÓN DE PRUEBAS COOLING;0;SKID;20' - 45'
R-QP05-05 Acceptance of Installations. Cooling;1;SKID;20' - 45'
TRASLADO Y UBICACIÓN EN ZONA CX;8;SKID;20' - 45'
TESTEO Cx;45;SKID;20' - 45'
UPS START UP;;SKID;20' - 45'
FAT/FOK/Witness test;;SKID;20' - 45'
TRASLADO Y UBICACIÓN EN ZONA PRODUCCIÓN.;8;SKID;20' - 45'
MODIFICACIONES FAT/FOK/WITNESS TEST ;30;SKID;20' - 45'
R-QP05-03 QC 100% MDC;1;SKID;20' - 45'
DESENSAMBLAJE INSTALACIÓN ELÉCTRICA;3;SKID;20' - 45'
DESENSAMBLAJE INSTALACIÓN MECÁNICA;1;SKID;20' - 45'
LIMPIEZA FINAL CUADROS;23;SKID;20' - 45'
R-QP05-29 Outgoing electrical panel visual inspection;2;SKID;20' - 45'
CIERRE DE CUADROS Y PENDIENTES ELÉCTRICOS;43;SKID;20' - 45'
CIERRE DE CUADROS Y PENDIENTES MECÁNICOS;20;SKID;20' - 45'
LIMPIEZA FINAL;54;SKID;20' - 45'
REPASOS DE PINTURA;0;SKID;20' - 45'
R-QP05-02 Pre Shipment Inspection MDC;2;SKID;20' - 45'
R-QP05-24 Authorization for the release of the solutions;1;SKID;20' - 45'
EMBALAJE;24;SKID;20' - 45'
TRABAJOS PREVIOS MECANICOS;10;BM;20' - 45'
CORTE Y ENSAMBLAJE DE CARRILES Y BANDEJAS;41;BM;20' - 45'
NIVELACIÓN;3;BM;20' - 45'
INSTALACIÓN CARRILES DE SOPORTACIÓN;39;BM;20' - 45'
INSTALACIÓN DE BANDEJAS;33;BM;20' - 45'
MECANIZADO DE ELEMENTOS DE INSTALACIÓN MECÁNICA;65;BM;20' - 45'
EQUIPOS;;BM;20' - 45'
INTRODUCCIÓN/FIJACIÓN de EQUIPOS;70;BM;20' - 45'
ENSAMBLAJE DE CUADROS CUADRISTA;0;BM;20' - 45'
ENSAMBLAJE DE EQUIPOS (CUADRO PRINCIPAL Y UPS);0;BM;20' - 45'
CADENAS PORTACABLES;8;BM;20' - 45'
INSTALACIÓN DE SUELO;15;BM;20' - 45'
PANELADO;63;BM;20' - 45'
MODIFICACIONES EN PANEL;;BM;20' - 45'
R-QP05-12 Pre-Installation of doors;1;BM;20' - 45'
INSTALACIÓN  DE PUERTAS;0;BM;20' - 45'
INSTALACIÓN ROXTEC;0;BM;20' - 45'
INSTALACIÓN DE ELEMENTOS Y/O EQUIPOS;0;BM;20' - 45'
CERRAMIENTO DE ALUMINIO;0;BM;20' - 45'
PERFILERIA EXTERIOR;0;BM;20' - 45'
R-QP05-28 Prefabricated Module Roof Inspection;1;BM;20' - 45'
CORTE Y/O PREPARACIÓN DE CABLE;14;BM;20' - 45'
MECANIZADO DE ELEMENTOS DE INSTALACIÓN ELECTRICA;0;BM;20' - 45'
SISTEMA DE TIERRAS;19;BM;20' - 45'
SISTEMA DE ILUMINACIÓN/EMERGENCIAS;34;BM;20' - 45'
CABLEADO Y CONEXIONADO POTENCIA;;BM;20' - 45'
INSTALACION DE CABLE;55;BM;20' - 45'
CONEXIONADO DE EQUIPOS;53;BM;20' - 45'
ETIQUETADO DE CABLE Y EQUIPOS;5;BM;20' - 45'
INSTALACIÓN DE MEDIA TENSION;;BM;20' - 45'
TRANSFORMADOR;0;BM;20' - 45'
TRABAJOS DE MEDIA TENSIÓN;0;BM;20' - 45'
TRABAJOS DE BT EN MT;0;BM;20' - 45'
PRUEBAS DE MEDIA TENSIÓN;0;BM;20' - 45'
SISTEMA DE MONITORIZACIÓN;;BM;20' - 45'
MONTAJE DE EQUIPOS DE MONITORIZACIÓN;40;BM;20' - 45'
INSTALACIÓN DE SEÑALES;40;BM;20' - 45'
INSTALACIÓN DE UTP;10;BM;20' - 45'
R-QP05-16 Acceptance of Installations. Monitoring;1;BM;20' - 45'
CONTROL DE ACCESO;7;BM;20' - 45'
PRUEBAS ELÉCTRICAS PRODUCCIÓN;;BM;20' - 45'
RECOLECCIÓN DE NÚMEROS DE SERIE;;BM;20' - 45'
PRUEBAS ELECTRICAS SIN TENSIÓN;8;BM;20' - 45'
TORQUEO;7;BM;20' - 45'
R-QP05-11 Acceptance of Installations. Electrical;3;BM;20' - 45'
R-QP05-40 Acceptance of Torque;3;BM;20' - 45'
R-QP07-08 BCF Factory Power Energization Authorization;3;BM;20' - 45'
PRUEBAS ELECTRICAS CON TENSIÓN ;2;BM;20' - 45'
SOPORTE A COMMISSIONING;4;BM;20' - 45'
TRABAJOS DE INSTALACIÓN PCI;19;BM;20' - 45'
REALIZACIÓN DE PRUEBAS PCI;4;BM;20' - 45'
R-QP05-27 Door Fan Test;1;BM;20' - 45'
R-QP05-04 Acceptance of Installations. FSS;1;BM;20' - 45'
R-QP05-18 Acceptance of Installations. Assembly;3;BM;20' - 45'
MONTAJE DE TUBERÍAS;31;BM;20' - 45'
TRABAJOS DE CONEXIONADO Y VALVULERIA;1;BM;20' - 45'
TRABAJOS DE FORRADO DE TUBERÍAS;19;BM;20' - 45'
REALIZACIÓN DE PRUEBAS COOLING;0;BM;20' - 45'
R-QP05-05 Acceptance of Installations. Cooling;1;BM;20' - 45'
TRASLADO Y UBICACIÓN EN ZONA CX;8;BM;20' - 45'
TESTEO Cx;45;BM;20' - 45'
UPS START UP;;BM;20' - 45'
FAT/FOK/Witness test;;BM;20' - 45'
TRASLADO Y UBICACIÓN EN ZONA PRODUCCIÓN.;8;BM;20' - 45'
MODIFICACIONES FAT/FOK/WITNESS TEST ;30;BM;20' - 45'
R-QP05-03 QC 100% MDC;1;BM;20' - 45'
DESENSAMBLAJE INSTALACIÓN ELÉCTRICA;0;BM;20' - 45'
DESENSAMBLAJE INSTALACIÓN MECÁNICA;1;BM;20' - 45'
LIMPIEZA FINAL CUADROS;4;BM;20' - 45'
R-QP05-29 Outgoing electrical panel visual inspection;2;BM;20' - 45'
CIERRE DE CUADROS Y PENDIENTES ELÉCTRICOS;5;BM;20' - 45'
CIERRE DE CUADROS Y PENDIENTES MECÁNICOS;3;BM;20' - 45'
LIMPIEZA FINAL;16;BM;20' - 45'
REPASOS DE PINTURA;0;BM;20' - 45'
R-QP05-02 Pre Shipment Inspection MDC;2;BM;20' - 45'
R-QP05-24 Authorization for the release of the solutions;1;BM;20' - 45'
EMBALAJE;24;BM;20' - 45'
